肖申克的救赎,导演: 弗兰克·德拉邦特 Frank Darabont,1994,美国,犯罪 剧情,9.7,2714541人评价
霸王别姬,导演: 陈凯歌 Kaige Chen,1993,中国大陆 中国香港,剧情 爱情 同性,9.6,2012105人评价
阿甘正传,导演: 罗伯特·泽米吉斯 Robert Zemeckis,1994,美国,剧情 爱情,9.5,2037064人评价
泰坦尼克号,导演: 詹姆斯·卡梅隆 James Cameron,1997,美国 墨西哥 澳大利亚 加拿大,剧情 爱情 灾难,9.4,1996412人评价
这个杀手不太冷,导演: 吕克·贝松 Luc Besson,1994,法国 美国,剧情 动作 犯罪,9.4,2179009人评价
美丽人生,导演: 罗伯托·贝尼尼 Roberto Benigni,1997,意大利,剧情 喜剧 爱情 战争,9.6,1250595人评价
千与千寻,导演: 宫崎骏 Hayao Miyazaki,2001,日本,剧情 动画 奇幻,9.4,2112991人评价
辛德勒的名单,导演: 史蒂文·斯皮尔伯格 Steven Spielberg,1993,美国,剧情 历史 战争,9.6,1043516人评价
盗梦空间,导演: 克里斯托弗·诺兰 Christopher Nolan,2010,美国 英国,剧情 科幻 悬疑 冒险,9.4,1948445人评价
星际穿越,导演: 克里斯托弗·诺兰 Christopher Nolan,2014,美国 英国 加拿大,剧情 科幻 冒险,9.4,1664987人评价
忠犬八公的故事,导演: 莱塞·霍尔斯道姆 Lasse Hallström,2009,美国 英国,剧情,9.4,1328639人评价
楚门的世界,导演: 彼得·威尔 Peter Weir,1998,美国,剧情 科幻,9.3,1573411人评价
海上钢琴师,导演: 朱塞佩·托纳多雷 Giuseppe Tornatore,1998,意大利,剧情 音乐,9.3,1587259人评价
三傻大闹宝莱坞,导演: 拉库马·希拉尼 Rajkumar Hirani,2009,印度,剧情 喜剧 爱情 歌舞,9.2,1763765人评价
机器人总动员,导演: 安德鲁·斯坦顿 Andrew Stanton,2008,美国,科幻 动画 冒险,9.3,1246917人评价
放牛班的春天,导演: 克里斯托夫·巴拉蒂 Christophe Barratier,2004,法国 瑞士 德国,剧情 喜剧 音乐,9.3,1229822人评价
无间道,导演: 刘伟强 / 麦兆辉,2002,中国香港,剧情 犯罪 惊悚,9.3,1266842人评价
疯狂动物城,导演: 拜伦·霍华德 Byron Howard / 瑞奇·摩尔 Rich Moore,2016,美国,喜剧 动画 冒险,9.2,1795399人评价
大话西游之大圣娶亲,导演: 刘镇伟 Jeffrey Lau,1995,中国香港 中国大陆,喜剧 爱情 奇幻 古装,9.2,1448142人评价
控方证人,导演: 比利·怀尔德 Billy Wilder,1957,美国,剧情 犯罪 悬疑,9.6,496106人评价
熔炉,导演: 黄东赫 Dong-hyuk Hwang,2011,韩国,剧情,9.3,881541人评价
教父,导演: 弗朗西斯·福特·科波拉 Francis Ford Coppola,1972,美国,剧情 犯罪,9.3,903878人评价
当幸福来敲门,导演: 加布里尔·穆奇诺 Gabriele Muccino,2006,美国,剧情 传记 家庭,9.2,1437849人评价
触不可及,导演: 奥利维·那卡什 Olivier Nakache / 艾力克·托兰达 Eric Toledano,2011,法国,剧情 喜剧,9.3,1025794人评价
怦然心动,导演: 罗伯·莱纳 Rob Reiner,2010,美国,剧情 喜剧 爱情,9.1,1728437人评价
龙猫,导演: 宫崎骏 Hayao Miyazaki,1988,日本,动画 奇幻 冒险,9.2,1193974人评价
末代皇帝,导演: 贝纳尔多·贝托鲁奇 Bernardo Bertolucci,1987,英国 意大利 中国大陆 法国,剧情 传记 历史,9.3,814457人评价
寻梦环游记,导演: 李·昂克里奇 Lee Unkrich / 阿德里安·莫利纳 Adrian Molina,2017,美国,喜剧 动画 奇幻 音乐,9.1,1552434人评价
蝙蝠侠：黑暗骑士,导演: 克里斯托弗·诺兰 Christopher Nolan,2008,美国 英国,剧情 动作 科幻 犯罪 惊悚,9.2,996931人评价
活着,导演: 张艺谋 Yimou Zhang,1994,中国大陆 中国香港,剧情 历史 家庭,9.3,784614人评价
哈利·波特与魔法石,导演: Chris Columbus,2001,美国 英国,奇幻 冒险,9.2,1096759人评价
指环王3：王者无敌,导演: 彼得·杰克逊 Peter Jackson,2003,美国 新西兰,剧情 动作 奇幻 冒险,9.3,755302人评价
乱世佳人,导演: 维克多·弗莱明 Victor Fleming / 乔治·库克 George Cukor,1939,美国,剧情 历史 爱情 战争,9.3,649964人评价
素媛,导演: 李濬益 Jun-ik Lee,2013,韩国,剧情,9.3,643198人评价
飞屋环游记,导演: 彼特·道格特 Pete Docter / 鲍勃·彼德森 Bob Peterson,2009,美国,剧情 喜剧 动画 冒险,9.1,1249424人评价
我不是药神,导演: 文牧野 Muye Wen,2018,中国大陆,剧情 喜剧,9.0,1979996人评价
摔跤吧！爸爸,导演: 涅提·蒂瓦里 Nitesh Tiwari,2016,印度,剧情 传记 运动 家庭,9.0,1484489人评价
何以为家,导演: 娜丁·拉巴基 Nadine Labaki,2018,黎巴嫩 美国 法国 塞浦路斯 卡塔尔 英国,剧情,9.1,980058人评价
十二怒汉,导演: Sidney Lumet,1957,美国,剧情,9.4,453564人评价
哈尔的移动城堡,导演: 宫崎骏 Hayao Miyazaki,2004,日本,动画 奇幻 冒险,9.1,952405人评价
少年派的奇幻漂流,导演: 李安 Ang Lee,2012,美国 中国台湾 英国 加拿大,剧情 奇幻 冒险,9.1,1281458人评价
鬼子来了,导演: 姜文 Wen Jiang,2000,中国大陆,剧情 喜剧,9.3,587141人评价
猫鼠游戏,导演: 史蒂文·斯皮尔伯格 Steven Spielberg,2002,美国 加拿大,传记 犯罪 剧情,9.1,936669人评价
让子弹飞,导演: 姜文 Wen Jiang,2010,中国大陆 中国香港,剧情 喜剧 动作 西部,9.0,1591368人评价
大话西游之月光宝盒,导演: 刘镇伟 Jeffrey Lau,1995,中国香港 中国大陆,喜剧 爱情 奇幻 古装,9.0,1153950人评价
天空之城,导演: 宫崎骏 Hayao Miyazaki,1986,日本,动画 奇幻 冒险,9.1,774187人评价
钢琴家,导演: 罗曼·波兰斯基 Roman Polanski,2002,英国 法国 波兰 德国,剧情 传记 战争 音乐,9.3,580833人评价
指环王2：双塔奇兵,导演: 彼得·杰克逊 Peter Jackson,2002,美国 新西兰,剧情 动作 奇幻 冒险,9.2,706190人评价
海蒂和爷爷,导演: 阿兰·葛斯彭纳 Alain Gsponer,2015,德国 瑞士,剧情 冒险 家庭,9.3,534986人评价
闻香识女人,导演: 马丁·布莱斯 Martin Brest,1992,美国,剧情,9.1,824704人评价
天堂电影院,导演: 朱塞佩·托纳多雷 Giuseppe Tornatore,1988,意大利 法国,剧情 爱情,9.2,647186人评价
罗马假日,导演: 威廉·惠勒 William Wyler,1953,美国,喜剧 剧情 爱情,9.1,902220人评价
指环王1：护戒使者,导演: 彼得·杰克逊 Peter Jackson,2001,新西兰 美国,剧情 动作 奇幻 冒险,9.1,796829人评价
大闹天宫,导演: 万籁鸣 Laiming Wan,1961(中国大陆) / 1964(中国大陆) / 1978(中国大陆),中国大陆,剧情 动画 奇幻 古装,9.4,403808人评价
黑客帝国,导演: 安迪·沃卓斯基 Andy Wachowski / 拉娜·沃卓斯基 Lana Wachowski,1999,美国,动作 科幻,9.1,791283人评价
死亡诗社,导演: 彼得·威尔 Peter Weir,1989,美国,剧情,9.2,668627人评价
教父2,导演: 弗朗西斯·福特·科波拉 Francis Ford Coppola,1974,美国,剧情 犯罪,9.3,513466人评价
绿皮书,导演: 彼得·法雷里 Peter Farrelly,2018,美国 中国大陆,剧情 喜剧 传记 音乐,8.9,1531283人评价
狮子王,导演: Roger Allers / 罗伯·明可夫 Rob Minkoff,1994,美国,动画 冒险 歌舞,9.1,786056人评价
辩护人,导演: 杨宇硕 Woo-seok Yang,2013,韩国,剧情,9.2,559153人评价
搏击俱乐部,导演: 大卫·芬奇 David Fincher,1999,美国 德国 意大利,剧情 动作 悬疑 惊悚,9.0,800270人评价
饮食男女,导演: 李安 Ang Lee,1994,中国台湾 美国,剧情 家庭,9.2,577556人评价
美丽心灵,导演: 朗·霍华德 Ron Howard,2001,美国,传记 剧情,9.1,724930人评价
本杰明·巴顿奇事,导演: 大卫·芬奇 David Fincher,2008,美国,剧情 爱情 奇幻,9.0,928895人评价
穿条纹睡衣的男孩,导演: 马克·赫尔曼 Mark Herman,2008,英国 美国,剧情 战争,9.2,520726人评价
窃听风暴,导演: 弗洛里安·亨克尔·冯·多纳斯马尔克 Florian Henckel von Donnersmarck,2006,德国,剧情 悬疑,9.2,532027人评价
情书,导演: 岩井俊二 Shunji Iwai,1995,日本,剧情 爱情,8.9,1028539人评价
两杆大烟枪,导演: Guy Ritchie,1998,英国,剧情 喜剧 犯罪,9.1,564119人评价
西西里的美丽传说,导演: 朱塞佩·托纳多雷 Giuseppe Tornatore,2000,意大利 美国,剧情 战争 情色,8.9,920123人评价
看不见的客人,导演: 奥里奥尔·保罗 Oriol Paulo,2016,西班牙,剧情 犯罪 悬疑 惊悚,8.8,1176768人评价
音乐之声,导演: 罗伯特·怀斯 Robert Wise,1965,美国,剧情 传记 爱情 歌舞,9.1,564965人评价
拯救大兵瑞恩,导演: 史蒂文·斯皮尔伯格 Steven Spielberg,1998,美国,剧情 战争,9.1,610149人评价
飞越疯人院,导演: 米洛斯·福尔曼 Miloš Forman,1975,美国,剧情,9.1,521672人评价
小鞋子,导演: 马基德·马基迪 Majid Majidi,1997,伊朗,剧情 儿童 家庭,9.2,385228人评价
阿凡达,导演: 詹姆斯·卡梅隆 James Cameron,2009,美国,动作 科幻 冒险,8.8,1303515人评价
哈利·波特与死亡圣器(下),导演: 大卫·叶茨 David Yates,2011,美国 英国,奇幻 冒险,9.0,771930人评价
沉默的羔羊,导演: 乔纳森·戴米 Jonathan Demme,1991,美国,剧情 犯罪 惊悚,8.9,829498人评价
致命魔术,导演: 克里斯托弗·诺兰 Christopher Nolan,2006,英国 美国,剧情 悬疑 惊悚,8.9,809134人评价
禁闭岛,导演: Martin Scorsese,2010,美国,剧情 悬疑 惊悚,8.9,911119人评价
布达佩斯大饭店,导演: 韦斯·安德森 Wes Anderson,2014,美国 德国 英国,剧情 喜剧 冒险,8.9,865268人评价
海豚湾,导演: 路易·西霍尤斯 Louie Psihoyos,2009,美国,纪录片,9.3,343714人评价
蝴蝶效应,导演: 埃里克·布雷斯 Eric Bress / J·麦基·格鲁伯 J. Mackye Gruber,2004,美国 加拿大,剧情 悬疑 科幻 惊悚,8.9,881895人评价
美国往事,导演: 赛尔乔·莱翁内 Sergio Leone,1984,美国 意大利,犯罪 剧情,9.2,389124人评价
心灵捕手,导演: 格斯·范·桑特 Gus Van Sant,1997,美国,剧情,8.9,666741人评价
低俗小说,导演: 昆汀·塔伦蒂诺 Quentin Tarantino,1994,美国,剧情 喜剧 犯罪,8.9,783441人评价
春光乍泄,导演: 王家卫 Kar Wai Wong,1997,中国香港 日本 韩国,剧情 爱情 同性,9.0,592918人评价
摩登时代,导演: 查理·卓别林 Charles Chaplin,1936,美国,剧情 喜剧 爱情,9.3,280430人评价
喜剧之王,导演: 周星驰 Stephen Chow / 李力持 Lik-Chi Lee,1999,中国香港,喜剧 剧情 爱情,8.8,909684人评价
功夫,导演: 周星驰 Stephen Chow,2004,中国大陆 中国香港,动作 喜剧 犯罪 奇幻,8.8,1031456人评价
七宗罪,导演: 大卫·芬奇 David Fincher,1995,美国,剧情 犯罪 悬疑 惊悚,8.8,897014人评价
哈利·波特与阿兹卡班的囚徒,导演: Alfonso Cuarón,2004,英国 美国,奇幻 冒险,8.9,663524人评价
超脱,导演: 托尼·凯耶 Tony Kaye,2011,美国,剧情,9.0,534217人评价
致命ID,导演: 詹姆斯·曼高德 James Mangold,2003,美国,剧情 悬疑 惊悚,8.8,767713人评价
杀人回忆,导演: 奉俊昊 Joon-ho Bong,2003,韩国,剧情 动作 犯罪 悬疑 惊悚,8.9,660934人评价
红辣椒,导演: 今敏 Satoshi Kon,2006,日本,动画 悬疑 科幻 惊悚,9.1,425526人评价
加勒比海盗,导演: 戈尔·维宾斯基 Gore Verbinski,2003,美国,动作 冒险 奇幻,8.8,810669人评价
狩猎,导演: 托马斯·温特伯格 Thomas Vinterberg,2012,丹麦 瑞典,剧情,9.1,363035人评价
被嫌弃的松子的一生,导演: 中岛哲也 Tetsuya Nakashima,2006,日本,剧情 歌舞,8.9,670604人评价
7号房的礼物,导演: 李焕庆 Hwan-kyeong Lee,2013,韩国,剧情 喜剧 家庭,8.9,522054人评价
请以你的名字呼唤我,导演: 卢卡·瓜达尼诺 Luca Guadagnino,2017,意大利 法国 巴西 美国,剧情 爱情 同性,8.9,673846人评价
剪刀手爱德华,导演: 蒂姆·波顿 Tim Burton,1990,美国,剧情 奇幻 爱情,8.7,991222人评价
唐伯虎点秋香,导演: 李力持 Lik-Chi Lee,1993,中国香港,喜剧 爱情 古装,8.7,1008528人评价
断背山,导演: 李安 Ang Lee,2005,美国 加拿大,剧情 爱情 同性 家庭,8.8,673219人评价
哈利·波特与密室,导演: Chris Columbus,2002,英国 美国,奇幻 冒险,8.8,689894人评价
一一,导演: 杨德昌 Edward Yang,2000,中国台湾 日本,剧情 爱情 家庭,9.1,357717人评价
勇敢的心,导演: 梅尔·吉布森 Mel Gibson,1995,美国,动作 传记 剧情 历史 战争,8.9,537487人评价
入殓师,导演: 泷田洋二郎 Yôjirô Takita,2008,日本,剧情,8.9,627716人评价
第六感,导演: M·奈特·沙马兰 M. Night Shyamalan,1999,美国,剧情 悬疑 惊悚,8.9,523537人评价
爱在黎明破晓前,导演: 理查德·林克莱特 Richard Linklater,1995,美国 奥地利 瑞士,剧情 爱情,8.8,628386人评价
重庆森林,导演: 王家卫 Kar Wai Wong,1994,中国香港,剧情 爱情,8.8,759509人评价
蝙蝠侠：黑暗骑士崛起,导演: 克里斯托弗·诺兰 Christopher Nolan,2012,美国 英国,剧情 动作 科幻 犯罪 惊悚,8.8,679067人评价
幽灵公主,导演: 宫崎骏 Hayao Miyazaki,1997,日本,动画 奇幻 冒险,8.9,494388人评价
天使爱美丽,导演: 让-皮埃尔·热内 Jean-Pierre Jeunet,2001,法国 德国,剧情 喜剧 爱情,8.7,923650人评价
菊次郎的夏天,导演: 北野武 Takeshi Kitano,1999,日本,剧情 喜剧,8.9,558354人评价
小森林 夏秋篇,导演: 森淳一 Junichi Mori,2014,日本,剧情,9.0,402444人评价
阳光灿烂的日子,导演: 姜文 Wen Jiang,1994,中国大陆 中国香港,剧情 爱情,8.9,581338人评价
超能陆战队,导演: 唐·霍尔 Don Hall / 克里斯·威廉姆斯 Chris Williams,2014,美国,喜剧 动作 科幻 动画 冒险,8.7,951175人评价
完美的世界,导演: 克林特·伊斯特伍德 Clint Eastwood,1993,美国,剧情 犯罪,9.1,292792人评价
爱在日落黄昏时,导演: 理查德·林克莱特 Richard Linklater,2004,美国 法国,剧情 爱情,8.9,517264人评价
无人知晓,导演: 是枝裕和 Hirokazu Koreeda,2004,日本,剧情,9.1,296812人评价
消失的爱人,导演: 大卫·芬奇 David Fincher,2014,美国,剧情 犯罪 悬疑 惊悚,8.7,874394人评价
甜蜜蜜,导演: 陈可辛 Peter Chan,1996,中国香港,剧情 爱情,8.9,499895人评价
借东西的小人阿莉埃蒂,导演: 米林宏昌 Hiromasa Yonebayashi,2010,日本,动画 奇幻 冒险,8.9,517611人评价
倩女幽魂,导演: 程小东 Siu-Tung Ching,1987,中国香港,爱情 奇幻 武侠 古装,8.8,690455人评价
小森林 冬春篇,导演: 森淳一 Junichi Mori,2015,日本,剧情,9.0,358562人评价
侧耳倾听,导演: 近藤喜文 Yoshifumi Kondo,1995,日本,剧情 爱情 动画,8.9,434186人评价
时空恋旅人,导演: 理查德·柯蒂斯 Richard Curtis,2013,英国,喜剧 爱情 奇幻,8.8,613975人评价
幸福终点站,导演: 史蒂文·斯皮尔伯格 Steven Spielberg,2004,美国,喜剧 剧情 爱情,8.8,530841人评价
驯龙高手,导演: 迪恩·德布洛斯 Dean DeBlois / 克里斯·桑德斯 Chris Sanders,2010,美国,动画 奇幻 冒险,8.8,713271人评价
萤火之森,导演: 大森贵弘 Takahiro Omori,2011,日本,剧情 爱情 动画 奇幻,8.9,499312人评价
教父3,导演: 弗朗西斯·福特·科波拉 Francis Ford Coppola,1990,美国,剧情 犯罪,9.0,346708人评价
寄生虫,导演: 奉俊昊 Joon-ho Bong,2019,韩国,剧情,8.8,1290973人评价
怪兽电力公司,导演: 彼特·道格特 Pete Docter / 大卫·斯沃曼 David Silverman,2001,美国,儿童 喜剧 动画 奇幻 冒险,8.8,626015人评价
一个叫欧维的男人决定去死,导演: 汉内斯·赫尔姆 Hannes Holm,2015,瑞典,剧情,8.9,433756人评价
玛丽和马克思,导演: 亚当·艾略特 Adam Elliot,2009,澳大利亚 美国,剧情 喜剧 动画,8.9,405561人评价
玩具总动员3,导演: 李·昂克里奇 Lee Unkrich,2010,美国,喜剧 动画 奇幻 冒险,8.9,481368人评价
未麻的部屋,导演: 今敏 Satoshi Kon,1997,日本,动画 奇幻 惊悚,9.1,301870人评价
傲慢与偏见,导演: 乔·怀特 Joe Wright,2005,法国 英国 美国,剧情 爱情,8.7,744191人评价
神偷奶爸,导演: 皮艾尔·柯芬 Pierre Coffin / 克里斯·雷纳德 Chris Renaud,2010,美国 法国,喜剧 动画 冒险,8.6,898213人评价
大鱼,导演: 蒂姆·波顿 Tim Burton,2003,美国,剧情 家庭 奇幻 冒险,8.8,539433人评价
告白,导演: 中岛哲也 Tetsuya Nakashima,2010,日本,剧情 悬疑,8.8,641562人评价
釜山行,导演: 延尚昊 Sang-ho Yeon,2016,韩国,动作 惊悚 灾难,8.6,1125206人评价
被解救的姜戈,导演: 昆汀·塔伦蒂诺 Quentin Tarantino,2012,美国,剧情 动作 西部 冒险,8.8,572124人评价
哈利·波特与火焰杯,导演: 迈克·内威尔 Mike Newell,2005,英国 美国,悬疑 奇幻 冒险,8.7,601073人评价
阳光姐妹淘,导演: 姜炯哲 Hyeong-Cheol Kang,2011,韩国,剧情 喜剧,8.8,567745人评价
射雕英雄传之东成西就,导演: 刘镇伟 Jeffrey Lau,1993,中国香港,喜剧 奇幻 武侠 古装,8.7,598183人评价
哪吒闹海,导演: 王树忱 Shuchen Wang / 严定宪 Dingxian Yan,1979,中国大陆,冒险 动画 奇幻,9.1,241413人评价
新世界,导演: 朴勋政 Hoon-jung Park,2013,韩国,剧情 犯罪,8.9,386232人评价
我是山姆,导演: 杰茜·尼尔森 Jessie Nelson,2001,美国,剧情 家庭,9.0,317302人评价
恐怖直播,导演: 金秉祐 Byeong-woo Kim,2013,韩国,剧情 犯罪 悬疑,8.7,615181人评价
头号玩家,导演: 史蒂文·斯皮尔伯格 Steven Spielberg,2018,美国,动作 科幻 冒险,8.7,1290436人评价
血战钢锯岭,导演: 梅尔·吉布森 Mel Gibson,2016,澳大利亚 美国,剧情 传记 历史 战争,8.7,744686人评价
模仿游戏,导演: 莫滕·泰杜姆 Morten Tyldum,2014,英国 美国,剧情 传记 战争 同性,8.8,606337人评价
喜宴,导演: 李安 Ang Lee,1993,中国台湾 美国,剧情 喜剧 爱情 同性 家庭,9.0,332657人评价
七武士,导演: 黑泽明 Akira Kurosawa,1954,日本,动作 冒险 剧情,9.3,184278人评价
花样年华,导演: 王家卫 Kar Wai Wong,2000,中国香港,剧情 爱情,8.7,561745人评价
头脑特工队,导演: 彼特·道格特 Pete Docter / 罗纳尔多·德尔·卡门 Ronaldo Del Carmen,2015,美国,喜剧 动画 冒险,8.8,569994人评价
黑客帝国3：矩阵革命,导演: 拉娜·沃卓斯基 Lana Wachowski / 莉莉·沃卓斯基 Lilly Wachowski,2003,美国,动作 科幻,8.8,422772人评价
九品芝麻官,导演: 王晶 Jing Wong,1994,中国香港 中国大陆,剧情 喜剧 古装,8.7,619848人评价
电锯惊魂,导演: 詹姆斯·温 James Wan,2004,美国,悬疑 惊悚 恐怖,8.8,497408人评价
三块广告牌,导演: 马丁·麦克唐纳 Martin McDonagh,2017,美国 英国,剧情 犯罪,8.7,777393人评价
你的名字。,导演: 新海诚 Makoto Shinkai,2016,日本,剧情 爱情 动画,8.5,1307312人评价
达拉斯买家俱乐部,导演: 让-马克·瓦雷 Jean-Marc Vallée,2013,美国,剧情 传记 同性,8.8,428283人评价
惊魂记,导演: 阿尔弗雷德·希区柯克 Alfred Hitchcock,1960,美国,悬疑 惊悚 恐怖,9.0,265314人评价
卢旺达饭店,导演: 特瑞·乔治 Terry George,2004,英国 南非 意大利 美国,剧情 传记 历史 战争,8.9,308673人评价
疯狂原始人,导演: 科克·德·米科 Kirk De Micco / 克里斯·桑德斯 Chris Sanders,2013,美国,喜剧 动画 冒险,8.7,795532人评价
上帝之城,导演: 费尔南多·梅里尔斯 Fernando Meirelles / 卡迪亚·兰德 Kátia Lund,2002,巴西 法国,犯罪 剧情,9.0,286226人评价
谍影重重3,导演: 保罗·格林格拉斯 Paul Greengrass,2007,美国 德国,动作 悬疑 惊悚,8.8,395690人评价
心迷宫,导演: 忻钰坤 Yukun Xin,2014,中国大陆,剧情 犯罪 悬疑,8.7,484558人评价
英雄本色,导演: 吴宇森 John Woo,1986,中国香港,剧情 动作 犯罪,8.6,501830人评价
风之谷,导演: 宫崎骏 Hayao Miyazaki,1984,日本,动画 奇幻 冒险,8.9,337992人评价
纵横四海,导演: 吴宇森 John Woo,1991,中国香港,剧情 喜剧 动作 犯罪,8.8,395567人评价
色，戒,导演: 李安 Ang Lee,2007,中国台湾 中国大陆 美国 中国香港,剧情 爱情 情色,8.6,722638人评价
海街日记,导演: 是枝裕和 Hirokazu Koreeda,2015,日本,剧情 家庭,8.8,417726人评价
茶馆,导演: 谢添 Tian Xie,1982(中国大陆),中国大陆,剧情 历史,9.5,117878人评价
岁月神偷,导演: 罗启锐 Alex Law,2010,中国香港 中国大陆,剧情 家庭,8.7,552793人评价
记忆碎片,导演: 克里斯托弗·诺兰 Christopher Nolan,2000,美国,犯罪 剧情 悬疑 惊悚,8.7,570433人评价
爱在午夜降临前,导演: 理查德·林克莱特 Richard Linklater,2013,美国 希腊,剧情 爱情,8.9,367310人评价
绿里奇迹,导演: 弗兰克·德拉邦特 Frank Darabont,1999,美国,犯罪 剧情 奇幻 悬疑,8.9,303476人评价
忠犬八公物语,导演: Seijirô Kôyama,1987,日本,剧情,9.2,181881人评价
荒蛮故事,导演: 达米安·斯兹弗隆 Damián Szifron,2014,阿根廷 西班牙,剧情 喜剧 犯罪,8.8,416060人评价
爆裂鼓手,导演: 达米恩·查泽雷 Damien Chazelle,2014,美国,剧情 音乐,8.7,548048人评价
小偷家族,导演: 是枝裕和 Hirokazu Koreeda,2018,日本,剧情 犯罪 家庭,8.7,773794人评价
疯狂的石头,导演: 宁浩 Hao Ning,2006,中国大陆 中国香港,喜剧 犯罪,8.6,768961人评价
贫民窟的百万富翁,导演: 丹尼·鲍尔 Danny Boyle / 洛芙琳·坦丹 Loveleen Tandan,2008,英国,剧情 爱情,8.6,710656人评价
无敌破坏王,导演: 瑞奇·莫尔 Rich Moore,2012,美国,喜剧 动画 奇幻 冒险,8.7,504057人评价
东邪西毒,导演: 王家卫 Kar Wai Wong,1994,中国香港 中国台湾,剧情 动作 爱情 武侠 古装,8.6,545840人评价
雨中曲,导演: 斯坦利·多南 Stanley Donen / 吉恩·凯利 Gene Kelly,1952,美国,喜剧 歌舞 爱情,9.1,205562人评价
真爱至上,导演: 理查德·柯蒂斯 Richard Curtis,2003,英国 美国 法国,喜剧 剧情 爱情,8.6,687013人评价
冰川时代,导演: 卡洛斯·沙尔丹哈 Carlos Saldanha / 克里斯·韦奇 Chris Wedge,2002,美国,喜剧 动画 冒险,8.6,579034人评价
恐怖游轮,导演: 克里斯托弗·史密斯 Christopher Smith,2009,英国 澳大利亚,剧情 悬疑 惊悚,8.5,796299人评价
你看起来好像很好吃,导演: 藤森雅也 Masaya Fujimori,2010,日本,剧情 动画 儿童,8.9,314914人评价
2001太空漫游,导演: 斯坦利·库布里克 Stanley Kubrick,1968,英国 美国,科幻 惊悚 冒险,8.9,295627人评价
黑天鹅,导演: 达伦·阿罗诺夫斯基 Darren Aronofsky,2010,美国,剧情 惊悚,8.6,749452人评价
无间道2,导演: 刘伟强 / 麦兆辉,2003,中国香港,剧情 犯罪 惊悚,8.7,436759人评价
魔女宅急便,导演: 宫崎骏 Hayao Miyazaki,1989,日本,动画 奇幻 冒险,8.7,430364人评价
牯岭街少年杀人事件,导演: 杨德昌 Edward Yang,1991,中国台湾,剧情 犯罪,8.9,271976人评价
遗愿清单,导演: 罗伯·莱纳 Rob Reiner,2007,美国,冒险 喜剧 剧情,8.7,418563人评价
背靠背，脸对脸,导演: 黄建新 Jianxin Huang / 杨亚洲 Yazhou Yang,1994,中国大陆 中国香港,剧情,9.5,113396人评价
小丑,导演: 托德·菲利普斯 Todd Phillips,2019,美国 加拿大,剧情 犯罪 惊悚,8.7,946418人评价
雨人,导演: 巴瑞·莱文森 Barry Levinson,1988,美国,剧情,8.7,383048人评价
大佛普拉斯,导演: 黄信尧 Hsin-yao Huang,2017,中国台湾,剧情 喜剧,8.7,418145人评价
恋恋笔记本,导演: 尼克·卡索维茨 Nick Cassavetes,2004,美国,剧情 爱情,8.6,631000人评价
可可西里,导演: 陆川 Chuan Lu,2004,中国大陆 中国香港,剧情 犯罪,8.9,284485人评价
城市之光,导演: Charles Chaplin,1931,美国,喜剧 剧情 爱情,9.3,134720人评价
东京教父,导演: 今敏 Satoshi Kon,2003,日本,剧情 喜剧 动画,9.0,201686人评价
源代码,导演: 邓肯·琼斯 Duncan Jones,2011,美国 加拿大,科幻 悬疑 惊悚,8.5,791097人评价
萤火虫之墓,导演: 高畑勋 Isao Takahata,1988,日本,动画 剧情 战争,8.7,388278人评价
初恋这件小事,"导演: 普特鹏·普罗萨卡·那·萨克那卡林 Puttipong Promsaka Na Sakolnakorn / 华森·波克彭...<br>
                            2010",1966,法国 英国,喜剧 战争,8.9,238568人评价
人工智能,导演: 史蒂文·斯皮尔伯格 Steven Spielberg,2001,美国 英国,剧情 科幻,8.7,418291人评价
海边的曼彻斯特,导演: 肯尼斯·罗纳根 Kenneth Lonergan,2016,美国,剧情 家庭,8.6,481787人评价
心灵奇旅,导演: 彼特·道格特 Pete Docter / 凯普·鲍尔斯 Kemp Powers,2020,美国,动画 奇幻 音乐,8.7,901749人评价
罗生门,导演: 黑泽明 Akira Kurosawa,1950,日本,剧情 犯罪 悬疑,8.8,294544人评价
青蛇,导演: 徐克 Hark Tsui,1993,中国香港 中国大陆,剧情 爱情 奇幻 古装,8.6,492515人评价
波西米亚狂想曲,导演: 布莱恩·辛格 Bryan Singer,2018,英国 美国,剧情 传记 同性 音乐,8.6,564098人评价
终结者2：审判日,导演: 詹姆斯·卡梅隆 James Cameron,1991,美国 法国,动作 科幻,8.8,321539人评价
疯狂的麦克斯4：狂暴之路,导演: 乔治·米勒 George Miller,2015,澳大利亚 美国,动作 科幻 冒险,8.7,495175人评价
新龙门客栈,导演: 李惠民 Raymond Lee,1992,中国香港 中国大陆,动作 爱情 武侠 古装,8.7,416460人评价
奇迹男孩,导演: 斯蒂芬·卓博斯基 Stephen Chbosky,2017,美国 中国香港,剧情 儿童 家庭,8.6,526870人评价
二十二,导演: 郭柯 Ke Guo,2015,中国大陆,纪录片,8.7,279787人评价
无耻混蛋,导演: Quentin Tarantino,2009,德国 美国,剧情 犯罪,8.6,445732人评价
房间,导演: 伦尼·阿伯拉罕森 Lenny Abrahamson,2015,爱尔兰 加拿大 英国 美国,剧情 家庭,8.8,354058人评价
千钧一发,导演: 安德鲁·尼科尔 Andrew Niccol,1997,美国,剧情 科幻 惊悚,8.8,272029人评价
血钻,导演: 爱德华·兹威克 Edward Zwick,2006,美国 德国 英国,剧情 惊悚 冒险,8.7,357064人评价
崖上的波妞,导演: 宫崎骏 Hayao Miyazaki,2008,日本,动画 奇幻 冒险,8.6,455124人评价
彗星来的那一夜,导演: 詹姆斯·沃德·布柯特 James Ward Byrkit,2013,美国 英国,科幻 悬疑 惊悚,8.5,530784人评价
黑客帝国2：重装上阵,导演: 拉娜·沃卓斯基 Lana Wachowski / 莉莉·沃卓斯基 Lilly Wachowski,2003,美国,动作 科幻,8.7,383050人评价
步履不停,导演: 是枝裕和 Hirokazu Koreeda,2008,日本,剧情 家庭,8.8,261536人评价
魂断蓝桥,导演: 茂文·勒鲁瓦 Mervyn LeRoy,1940,美国,剧情 爱情 战争,8.8,261405人评价
战争之王,导演: 安德鲁·尼科尔 Andrew Niccol,2005,法国 德国 美国,剧情 犯罪,8.7,343968人评价
爱乐之城,导演: 达米恩·查泽雷 Damien Chazelle,2016,美国,剧情 爱情 歌舞,8.4,826580人评价
末路狂花,导演: 雷德利·斯科特 Ridley Scott,1991,美国 英国 法国,犯罪 剧情 惊悚,8.9,225175人评价
谍影重重2,导演: 保罗·格林格拉斯 Paul Greengrass,2004,美国 德国,动作 悬疑 惊悚,8.7,332016人评价
燃情岁月,导演: 爱德华·兹威克 Edward Zwick,1994,美国,剧情 爱情 战争 西部,8.8,271877人评价
火星救援,导演: 雷德利·斯科特 Ridley Scott,2015,英国 美国 匈牙利 约旦,剧情 科幻 冒险,8.5,676043人评价
千年女优,导演: 今敏 Satoshi Kon,2001,日本,动画 剧情 爱情,8.8,242125人评价
阿飞正传,导演: 王家卫 Kar Wai Wong,1990,中国香港,犯罪 剧情 爱情,8.5,477434人评价
再次出发之纽约遇见你,导演: 约翰·卡尼 John Carney,2013,美国,喜剧 爱情 音乐,8.6,404642人评价
谍影重重,导演: 道格·里曼 Doug Liman,2002,美国 德国 捷克,动作 悬疑 惊悚,8.6,399805人评价
花束般的恋爱,导演: 土井裕泰 Nobuhiro Doi,2021,日本,剧情 爱情,8.6,510826人评价
朗读者,导演: 史蒂芬·戴德利 Stephen Daldry,2008,美国 德国,剧情 爱情,8.6,435635人评价
海洋,导演: 雅克·贝汉 Jacques Perrin / 雅克·克鲁奥德 Jacques Cluzaud,2009,法国 瑞士 西班牙 美国 阿联酋 摩纳哥,纪录片,9.1,151914人评价
香水,导演: 汤姆·提克威 Tom Tykwer,2006,德国 法国 西班牙 美国 比利时,剧情 犯罪 奇幻,8.5,519400人评价
穿越时空的少女,导演: 细田守 Mamoru Hosoda,2006,日本,剧情 爱情 科幻 动画,8.6,362973人评价
地球上的星星,导演: 阿米尔·汗 Aamir Khan,2007,印度,剧情 儿童 家庭,8.9,193989人评价
我爱你,导演: 秋昌民 Chang-min Choo,2011,韩国,剧情 爱情,9.0,156633人评价
弱点,导演: 约翰·李·汉考克 John Lee Hancock,2009,美国,剧情 家庭 传记 运动,8.7,277304人评价
哈利·波特与死亡圣器(上),导演: 大卫·叶茨 David Yates,2010,英国 美国,奇幻 冒险,8.5,520062人评价
完美陌生人,导演: 保罗·格诺维瑟 Paolo Genovese,2016,意大利,剧情 喜剧,8.5,499835人评价
